0,abandoned
1,abasement
2,abatement
3,abdominal
4,abduction
5,abecedary
6,abhorrent
7,abjection
8,abolition
9,aborigine
10,absconded
11,absorbent
12,absorbing
13,abstainer
14,absurdity
15,abundance
16,accepting
17,accession
18,accessory
19,acclaimed
20,acclimate
21,accompany
22,acidulous
23,acoustics
24,acquiesce
25,acquittal
26,acquitted
27,acropolis
28,actuality
29,actuation
30,adaptable
31,addiction
32,addlepate
33,addressee
34,adduction
35,adherence
36,adjective
37,adjoining
38,admirable
39,admission
40,admissive
41,admixture
42,adoration
43,adornment
44,adsorbent
45,adulation
46,adulthood
47,adumbrate
48,advantage
49,adventure
50,adversary
51,advertent
52,advertise
53,advisable
54,aerialist
55,aeroplane
56,aerospace
57,aesthetic
58,affecting
59,affection
60,affianced
61,affidavit
62,affiliate
63,afflicted
64,affluence
65,afterglow
66,afterlife
67,aftermath
68,afterpart
69,aggravate
70,aggregate
71,agitation
72,agonizing
73,agreeable
74,agreement
75,aimlessly
76,alabaster
77,alcoholic
78,algorithm
79,alienated
80,alignment
81,alleviate
82,allotment
83,allotropy
84,allowance
85,almsgiver
86,alternate
87,altimetry
88,amazement
89,ambergris
90,ambiguity
91,ambiguous
92,ambitious
93,ambrosial
94,amendment
95,amenities
96,amidships
97,amorality
98,amorphous
99,amphibian
100,amplified
101,amplifier
102,amplitude
103,amusement
104,anabolism
105,analeptic
106,analgesia
107,analgesic
108,analogous
109,analyzing
110,anarchism
111,anarchist
112,anatomize
113,ancestors
114,ancestral
115,anchorage
116,anchorite
117,ancillary
118,androgyny
119,anemology
120,Anglicism
121,anguished
122,anhydrous
123,animalism
124,animality
125,animation
126,animosity
127,announcer
128,annoyance
129,annulment
130,anomalous
131,anonymous
132,anthology
133,antipathy
134,antipodal
135,antipodes
136,antiquity
137,antitoxin
138,anxiously
139,apartheid
140,apathetic
141,Aphrodite
142,apologist
143,apologize
144,apostolic
145,appalling
146,apparatus
147,appealing
148,appendage
149,appliance
150,apportion
151,appraisal
152,apprehend
153,arabesque
154,arbitrary
155,arbitrate
156,arboretum
157,archangel
158,archetype
159,architect
160,archivist
161,armadillo
162,armistice
163,arrearage
164,arresting
165,arriviste
166,arrogance
167,arthritic
168,arthritis
169,ascendant
170,ascending
171,ascension
172,ascertain
173,aspersion
174,assailant
175,assembled
176,assenting
177,assertion
178,assertive
179,assiduity
180,assiduous
181,assistant
182,associate
183,assonance
184,assuasive
185,assurance
186,assuredly
187,asthmatic
188,astounded
189,astrology
190,astronaut
191,astronomy
192,asymmetry
193,asymptote
194,atavistic
195,atheistic
196,athletics
197,atonement
198,atrocious
199,attendant
200,attending
201,attention
202,attentive
203,attenuate
204,attracted
205,attribute
206,attrition
207,audacious
208,auricular
209,austerity
210,autarchic
211,authentic
212,authority
213,authorize
214,autograph
215,automated
216,automatic
217,auxiliary
218,available
219,avalanche
220,avoidance
221,awareness
222,awestruck
223,axiomatic
224,bacchanal
225,backpedal
226,backslide
227,backstage
228,backwater
229,backwoods
230,bagatelle
231,bailiwick
232,balancing
233,balladeer
234,ballerina
235,bamboozle
236,bandstand
237,bantering
238,baptismal
239,barbarian
240,barbarism
241,barbarity
242,barbarous
243,barbecued
244,barefaced
245,barmaster
246,barnstorm
247,barometer
248,barricade
249,barrister
250,bartender
251,bathhouse
252,battalion
253,battering
254,beachhead
255,beardless
256,beatified
257,beatitude
258,beauteous
259,beautiful
260,becharmed
261,beclouded
262,bedazzled
263,bedeviled
264,bedfellow
265,bedizened
266,bedspread
267,beefsteak
268,Beelzebub
269,beerbelly
270,befitting
271,befrilled
272,befuddled
273,beginning
274,beguiling
275,bejeweled
276,belabored
277,beleaguer
278,belittled
279,bellicose
280,bellowing
281,bellyache
282,bellyband
283,belvedere
284,benighted
285,benignity
286,besetting
287,bespangle
288,bespatter
289,bespeckle
290,betrothed
291,bewitched
292,bicameral
293,bickering
294,bicolored
295,bilateral
296,biography
297,biologist
298,bionomics
299,biorhythm
300,biosphere
301,bipartite
302,birthmark
303,bishopric
304,blackball
305,blackdamp
306,blackhead
307,blackjack
308,blacklist
309,blackmail
310,blameless
311,blaspheme
312,blasphemy
313,blatantly
314,bleachers
315,bleaching
316,blemished
317,blindfold
318,blindness
319,blistered
320,blockhead
321,bloodbath
322,bloodless
323,bloodline
324,bloodlust
325,bloodshed
326,blowtorch
327,blueprint
328,boardwalk
329,boatswain
330,bodyguard
331,Bolshevik
332,bombastic
333,bombshell
334,booklover
335,bookmaker
336,bookstore
337,boomerang
338,boondocks
339,bootblack
340,bordering
341,borrowing
342,botanical
343,boulevard
344,boundless
345,bountiful
346,bourgeois
347,bowlegged
348,boyfriend
349,brainless
350,brainwash
351,brainwork
352,branching
353,brassiere
354,breakable
355,breakaway
356,breakdown
357,breakfast
358,breakneck
359,breeching
360,brigadier
361,brilliant
362,bristling
363,broadcast
364,broadside
365,brokerage
366,brotherly
367,brutality
368,brutalize
369,buccaneer
370,bullfight
371,bullwhack
372,bumptious
373,burlesque
374,bushwhack
375,butchered
376,buttinsky
377,bystander
378,Byzantine
379,caballero
380,cabdriver
381,cacophony
382,cafeteria
383,calcimine
384,calculate
385,calibrate
386,calmative
387,camelback
388,campanile
389,candidate
390,canicular
391,canniness
392,cannonade
393,canonical
394,cantabile
395,capacious
396,caparison
397,capillary
398,captivate
399,captivity
400,carbonate
401,carbuncle
402,carcinoma
403,cardsharp
404,carefully
405,caressing
406,caretaker
407,carnality
408,carnivore
409,cartridge
410,Cassandra
411,castanets
412,castellan
413,castigate
414,castrated
415,casuistry
416,cataclysm
417,catacombs
418,catalepsy
419,catalysis
420,catatonic
421,catchword
422,catechism
423,catechize
424,caterwaul
425,catharsis
426,cathartic
427,cathedral
428,cattleman
429,Caucasian
430,causeless
431,cauterant
432,cauterize
433,cavalcade
434,cavernous
435,ceaseless
436,celebrate
437,celebrity
438,celestial
439,centipede
440,centurion
441,certainly
442,certainty
443,certified
444,cessation
445,chagrined
446,challenge
447,chameleon
448,champaign
449,character
450,charivari
451,charlatan
452,chastened
453,chauffeur
454,checkbook
455,checkered
456,checklist
457,checkmate
458,cheerless
459,chemistry
460,chevalier
461,chicanery
462,chieftain
463,chilblain
464,childhood
465,childless
466,childlike
467,chiseling
468,chocolate
469,chokedamp
470,Christian
471,Christmas
472,chromatic
473,chronicle
474,chthonian
475,churchman
476,circuitry
477,circulate
478,cirrhosis
479,citizenry
480,civilized
481,clamorous
482,clapboard
483,classical
484,classmate
485,cleansing
486,clearance
487,clergyman
488,climactic
489,clockwise
490,closeness
491,cloudland
492,clubwoman
493,coadjutor
494,coagulate
495,coalition
496,coeternal
497,cogitable
498,cognitive
499,cognizant
500,coherence
501,collation
502,colleague
503,collected
504,collector
505,collision
506,collusion
507,colonnade
508,colorless
509,colosseum
510,columnist
511,combative
512,combining
513,comforter
514,commander
515,commensal
516,commingle
517,commissar
518,committed
519,committee
520,commotion
521,communion
522,communism
523,Communist
524,community
525,communize
526,companion
527,competent
528,complaint
529,compliant
530,component
531,composite
532,composure
533,computing
534,concavity
535,concealed
536,conceited
537,conceived
538,concerned
539,concerted
540,concourse
541,concubine
542,condensed
543,condiment
544,condition
545,conducive
546,conductor
547,confessed
548,confidant
549,confident
550,confiding
551,confirmed
552,confusion
553,congealed
554,congenial
555,congeries
556,congested
557,congruent
558,congruity
559,congruous
560,conjugate
561,connected
562,conniving
563,conqueror
564,conscious
565,conscript
566,consensus
567,consignee
568,consonant
569,constable
570,constancy
571,constrain
572,constrict
573,construct
574,consulate
575,consuming
576,container
577,contender
578,continent
579,continual
580,continuum
581,contralto
582,contumely
583,converted
584,convexity
585,convinced
586,convivial
587,cooperate
588,copyright
589,corkscrew
590,corollary
591,corporate
592,corporeal
593,corpulent
594,correlate
595,corrosion
596,corrosive
597,cosmetics
598,cosmology
599,counselor
600,countless
601,courteous
602,courtesan
603,courtyard
604,cowardice
605,craftsman
606,credulous
607,cremation
608,crescendo
609,cretinism
610,criterion
611,criticism
612,criticize
613,croissant
614,crosswise
615,crotchety
616,crucified
617,crumbling
618,cubbyhole
619,cuckoldry
620,culminate
621,cultivate
622,cuneiform
623,curbstone
624,curiosity
625,curtailed
626,cushioned
627,custodial
628,custodian
629,customary
630,cutaneous
631,cutthroat
632,Cyclopean
633,cyclorama
634,cytoplasm
635,dalliance
636,damnation
637,damnatory
638,dangerous
639,daredevil
640,darkening
641,dauntless
642,deadening
643,deafening
644,deathblow
645,deathless
646,debatable
647,debauched
648,debenture
649,debutante
650,decadence
651,decalogue
652,decathlon
653,deceitful
654,deceiving
655,decencies
656,deception
657,deceptive
658,decidedly
659,deciduous
660,declining
661,decoction
662,decollete
663,decompose
664,decorated
665,decrement
666,decretory
667,dedicated
668,deduction
669,deductive
670,deepening
671,defeating
672,defeatist
673,defection
674,defective
675,defendant
676,defensive
677,deference
678,deficient
679,deflation
680,defluxion
681,defoliant
682,defoliate
683,deformity
684,degrading
685,dehydrate
686,dejection
687,delicious
688,delighted
689,delineate
690,delirious
691,deliverer
692,deludable
693,demagogue
694,demanding
695,demarcate
696,demeaning
697,demimonde
698,democracy
699,demulcent
700,denigrate
701,deodorize
702,departure
703,dependent
704,depiction
705,depletion
706,depravity
707,deprecate
708,depredate
709,depressed
710,depthless
711,desecrate
712,desertion
713,deserving
714,desiccate
715,designate
716,designing
717,desirable
718,desolated
719,desperado
720,desperate
721,despotism
722,destitute
723,destroyed
724,destroyer
725,desuetude
726,desultory
727,detection
728,detective
729,detention
730,detergent
731,determine
732,deterrent
733,detriment
734,devaluate
735,devastate
736,developed
737,developer
738,deviating
739,deviation
740,devilment
741,devotions
742,devouring
743,Dexedrine
744,dexterity
745,dexterous
746,diabolism
747,diaeresis
748,diagnosis
749,dialectic
750,diaphragm
751,diathesis
752,dichotomy
753,didactics
754,dietetics
755,different
756,differing
757,difficult
758,diffident
759,digestion
760,dignified
761,dignitary
762,diligence
763,dimension
764,diphthong
765,diplomacy
766,directing
767,direction
768,directive
769,directory
770,disaccord
771,disaffirm
772,disappear
773,disarming
774,disavowal
775,disbelief
776,disburden
777,disbursal
778,discarded
779,discharge
780,disclosed
781,discomfit
782,discourse
783,discovery
784,discredit
785,disembark
786,disengage
787,disesteem
788,disfigure
789,disguised
790,disgusted
791,dishonest
792,dishwater
793,dislocate
794,dismantle
795,dismaying
796,dismember
797,dismissal
798,dismissed
799,disoblige
800,disorient
801,disparage
802,disparate
803,disparity
804,dispersal
805,dispersed
806,displease
807,disproved
808,disputant
809,disregard
810,disrepair
811,dissenter
812,dissident
813,dissipate
814,dissolute
815,dissonant
816,distemper
817,distended
818,distilled
819,distorted
820,disturbed
821,disunited
822,divergent
823,diversify
824,diversion
825,diversity
826,dizziness
827,doddering
828,dogmatics
829,dogmatism
830,dogmatist
831,dollhouse
832,dominance
833,Dominican
834,dormitory
835,doubtless
836,downdraft
837,downgrade
838,downright
839,Draconian
840,dramatics
841,dramatist
842,dramatize
843,dreamland
844,dreamlike
845,drenching
846,dromedary
847,droppings
848,drugstore
849,drumstick
850,dryasdust
851,dualistic
852,dumbfound
853,dungarees
854,duplicate
855,duplicity
856,dwindling
857,dynamiter
858,dysentery
859,dyspepsia
860,dyspeptic
861,dysphasia
862,eagerness
863,earliness
864,earnestly
865,earthborn
866,earthling
867,earthwork
868,easygoing
869,eavesdrop
870,ebullient
871,eccentric
872,eclampsia
873,economics
874,ecosphere
875,ectoplasm
876,ecumenism
877,editorial
878,education
879,effective
880,effectual
881,efficient
882,effluvium
883,eggbeater
884,egotistic
885,egregious
886,eiderdown
887,ejaculate
888,elaborate
889,elbowroom
890,electrify
891,elemental
892,elevation
893,eliminate
894,ellipsoid
895,elocution
896,elongated
897,elopement
898,eloquence
899,elsewhere
900,elucidate
901,emaciated
902,emanation
903,embalming
904,embarrass
905,embellish
906,embracing
907,embrocate
908,embroider
909,embryonic
910,emergence
911,emergency
912,eminently
913,emollient
914,emotional
915,empathize
916,emphasize
917,emphysema
918,empirical
919,empowered
920,emptiness
921,enactment
922,enchanted
923,enchanter
924,encircled
925,enclosing
926,enclosure
927,encompass
928,encounter
929,encourage
930,endlessly
931,endocrine
932,endowment
933,endurance
934,energetic
935,energizer
936,enervated
937,enfeebled
938,engraving
939,engrossed
940,enigmatic
941,enjoyable
942,enjoyment
943,enlighten
944,enlivened
945,enrapture
946,enteritis
947,entertain
948,entourage
949,entranced
950,enumerate
951,enunciate
952,enveloped
953,ephemeral
954,epicurean
955,epidermal
956,epidermis
957,epileptic
958,episcopal
959,epitomize
960,equalizer
961,equipment
962,equipoise
963,equitable
964,equivocal
965,eradicate
966,erogenous
967,eroticism
968,erroneous
969,erstwhile
970,erudition
971,esoterica
972,esoterics
973,Esperanto
974,espionage
975,esplanade
976,essential
977,establish
978,estimable
979,estranged
980,estuarine
981,eternally
982,etiquette
983,etymology
984,Eucharist
985,euphemism
986,evaporate
987,everglade
988,evergreen
989,everybody
990,evidently
991,evildoing
992,evocation
993,evocative
994,evolution
995,exactness
996,examining
997,excellent
998,excepting
999,exception
1000,excessive
1001,exchequer
1002,excitable
1003,excluding
1004,exclusion
1005,exclusive
1006,excoriate
1007,excrement
1008,excretion
1009,excretory
1010,exculpate
1011,excursion
1012,excursive
1013,excusable
1014,execrable
1015,execution
1016,executive
1017,exemplary
1018,exemplify
1019,exemption
1020,exfoliate
1021,exhausted
1022,existence
1023,exonerate
1024,expanding
1025,expansion
1026,expansive
1027,expatiate
1028,expectant
1029,expecting
1030,expedient
1031,expensive
1032,expertise
1033,expiation
1034,expletive
1035,explicate
1036,explosion
1037,explosive
1038,expositor
1039,expressly
1040,expulsion
1041,expurgate
1042,exquisite
1043,extension
1044,extensive
1045,extenuate
1046,externals
1047,extirpate
1048,extortion
1049,extradite
1050,extremely
1051,extremism
1052,extremist
1053,extremity
1054,extricate
1055,extrinsic
1056,extrusion
1057,exuberant
1058,eyestrain
1059,fabricate
1060,facetious
1061,facsimile
1062,fairyland
1063,faithless
1064,falsehood
1065,falseness
1066,falsified
1067,faltering
1068,fanatical
1069,fantasize
1070,fantastic
1071,farmstead
1072,farseeing
1073,fascinate
1074,fatiguing
1075,faultless
1076,favorable
1077,favorably
1078,feathered
1079,feculence
1080,fecundate
1081,federated
1082,fellowman
1083,felonious
1084,ferocious
1085,fertility
1086,fertilize
1087,fervently
1088,festering
1089,festivity
1090,festooned
1091,fetishism
1092,feudalism
1093,fictional
1094,fiduciary
1095,figmental
1096,filiation
1097,filtering
1098,financier
1099,financing
1100,fingering
1101,finishing
1102,firebrand
1103,firebrick
1104,fireguard
1105,fireplace
1106,firepower
1107,fireproof
1108,fireworks
1109,firmament
1110,firsthand
1111,fisherman
1112,flagellum
1113,flagstone
1114,flashback
1115,flatterer
1116,flatulent
1117,flaunting
1118,fledgling
1119,fleshpots
1120,flippancy
1121,floodgate
1122,flophouse
1123,flotation
1124,flowering
1125,fluctuate
1126,flustered
1127,fluxional
1128,flyweight
1129,foliation
1130,following
1131,foolhardy
1132,foolproof
1133,foothills
1134,footprint
1135,footstone
1136,forbidden
1137,forceless
1138,forcemeat
1139,forearmed
1140,forebears
1141,foreclose
1142,forefront
1143,foregoing
1144,foreigner
1145,forensics
1146,foreshown
1147,foresight
1148,forestall
1149,foretaste
1150,foretoken
1151,forfeited
1152,forgather
1153,forgetful
1154,forgiving
1155,forgotten
1156,formalist
1157,formality
1158,formalize
1159,formation
1160,formative
1161,formulary
1162,formulate
1163,fornicate
1164,forthwith
1165,fortitude
1166,fortnight
1167,fortunate
1168,fossilize
1169,fosterage
1170,foundling
1171,fourscore
1172,fractious
1173,fragility
1174,fragrance
1175,framework
1176,franchise
1177,frangible
1178,frankness
1179,fraternal
1180,freighted
1181,freighter
1182,frequency
1183,fricassee
1184,frightful
1185,frivolity
1186,frivolous
1187,frostbite
1188,fructuous
1189,frugality
1190,fruitless
1191,fruitlike
1192,frustrate
1193,fugacious
1194,fulminate
1195,fundament
1196,funebrial
1197,fungicide
1198,funicular
1199,furbished
1200,furiously
1201,furniture
1202,fusillade
1203,fustigate
1204,gallantry
1205,gallivant
1206,galloping
1207,galvanize
1208,gangplank
1209,gangrened
1210,gardening
1211,garnished
1212,garrulous
1213,gasconade
1214,gastritis
1215,gatehouse
1216,gathering
1217,gaucherie
1218,gaudiness
1219,gazetteer
1220,generally
1221,generator
1222,geniality
1223,gentility
1224,gentleman
1225,genuflect
1226,genuinely
1227,geodetics
1228,geography
1229,geoponics
1230,germicide
1231,germinate
1232,ghettoize
1233,gibbering
1234,gibberish
1235,gladiator
1236,glamorize
1237,glamorous
1238,glandular
1239,glassware
1240,glissando
1241,glorified
1242,glowering
1243,glutinous
1244,godliness
1245,goldbrick
1246,gondolier
1247,Gongorism
1248,gonorrhea
1249,gossamery
1250,governess
1251,governing
1252,graceless
1253,gradation
1254,grammatic
1255,grandiose
1256,granulate
1257,grapeshot
1258,grapevine
1259,graphemic
1260,grassland
1261,gravitate
1262,graybeard
1263,greatness
1264,greenhorn
1265,greenness
1266,greenroom
1267,grenadier
1268,greyhound
1269,grievance
1270,grimalkin
1271,groceries
1272,grotesque
1273,groundhog
1274,groveling
1275,grubstake
1276,grumbling
1277,guarantee
1278,guarantor
1279,guardrail
1280,guerrilla
1281,guesswork
1282,guidebook
1283,guideline
1284,guidepost
1285,guileless
1286,guiltless
1287,gymnasium
1288,gyroscope
1289,habituate
1290,hackneyed
1291,hairiness
1292,halitosis
1293,haltingly
1294,hamburger
1295,hampering
1296,hamstring
1297,handiwork
1298,handshake
1299,hankering
1300,haphazard
1301,happening
1302,happiness
1303,harassing
1304,harbinger
1305,hardening
1306,hardihood
1307,hardiness
1308,harebrain
1309,harlequin
1310,harmfully
1311,harmonics
1312,harmonium
1313,harmonize
1314,harrowing
1315,harshness
1316,hastiness
1317,hazardous
1318,headdress
1319,headfirst
1320,headliner
1321,headphone
1322,headpiece
1323,headstone
1324,headwater
1325,healthful
1326,heartache
1327,heartbeat
1328,heartburn
1329,heartfelt
1330,heartland
1331,heartless
1332,heartsick
1333,henpecked
1334,hepatitis
1335,herbarium
1336,herbicide
1337,herbivore
1338,Herculean
1339,hereafter
1340,heretical
1341,hermitage
1342,heterodox
1343,heuristic
1344,hibernate
1345,hidebound
1346,hideously
1347,hierarchy
1348,highlands
1349,highlight
1350,hijacking
1351,hilarious
1352,hillbilly
1353,hindrance
1354,hindsight
1355,histology
1356,hobgoblin
1357,holocaust
1358,holograph
1359,holystone
1360,homestead
1361,homicidal
1362,honeycomb
1363,honeymoon
1364,honorable
1365,honorably
1366,honorific
1367,hopefully
1368,horoscope
1369,horrified
1370,horseback
1371,horsehair
1372,horseplay
1373,horsewhip
1374,hortatory
1375,hostility
1376,hotheaded
1377,hourglass
1378,household
1379,humdinger
1380,humiliate
1381,humorless
1382,hunchback
1383,hungering
1384,hurricane
1385,husbandly
1386,husbandry
1387,hyperbola
1388,hyperbole
1389,hyphenate
1390,hypnotism
1391,hypnotize
1392,hypocrisy
1393,hypocrite
1394,iconology
1395,identical
1396,ignoramus
1397,ignorance
1398,illiberal
1399,illogical
1400,imaginary
1401,imbalance
1402,imbroglio
1403,imitation
1404,imitative
1405,immanence
1406,immediacy
1407,immediate
1408,immensely
1409,immensity
1410,immersion
1411,immigrant
1412,imminence
1413,immodesty
1414,immovable
1415,immutable
1416,impartial
1417,impassion
1418,impassive
1419,impatient
1420,impeached
1421,impedance
1422,impelling
1423,impending
1424,imperfect
1425,imperious
1426,impetuous
1427,implanted
1428,implement
1429,implicate
1430,imploring
1431,impolitic
1432,important
1433,importune
1434,imposture
1435,impotence
1436,imprecise
1437,impressed
1438,imprinted
1439,improbity
1440,impromptu
1441,improvise
1442,imprudent
1443,impudence
1444,impulsive
1445,imputable
1446,inability
1447,inamorata
1448,inamorato
1449,inanimate
1450,inaudible
1451,inaugural
1452,incapable
1453,incarnate
1454,incensory
1455,incentive
1456,inception
1457,inceptive
1458,incessant
1459,incidence
1460,incipient
1461,inclement
1462,inclining
1463,including
1464,inclusion
1465,inclusive
1466,incognito
1467,incorrect
1468,incorrupt
1469,increased
1470,increment
1471,incrusted
1472,inculcate
1473,incumbent
1474,incurable
1475,incurious
1476,incursion
1477,indecency
1478,indecorum
1479,indelible
1480,indemnify
1481,indemnity
1482,indenture
1483,indicated
1484,indicator
1485,indigence
1486,indignant
1487,indignity
1488,indispose
1489,indolence
1490,inductile
1491,induction
1492,inductive
1493,indulgent
1494,indurated
1495,inebriant
1496,inebriate
1497,ineffable
1498,inelastic
1499,inelegant
1500,infantile
1501,infatuate
1502,infection
1503,inference
1504,infertile
1505,infirmary
1506,infirmity
1507,inflation
1508,influence
1509,influenza
1510,informant
1511,infuriate
1512,ingenious
1513,ingenuity
1514,ingenuous
1515,ingestion
1516,ingrained
1517,inhalator
1518,inherence
1519,inherited
1520,inheritor
1521,inhibited
1522,initially
1523,initiator
1524,injection
1525,injurious
1526,injustice
1527,innermost
1528,innocence
1529,innocuous
1530,innovator
1531,inoculate
1532,inpatient
1533,inquiring
1534,inscribed
1535,insensate
1536,insertion
1537,insidious
1538,insincere
1539,insinuate
1540,insistent
1541,insolence
1542,insoluble
1543,insolvent
1544,insomniac
1545,inspector
1546,inspiring
1547,installed
1548,instantly
1549,instigate
1550,instilled
1551,institute
1552,insulting
1553,insurance
1554,insurgent
1555,integrate
1556,integrity
1557,intellect
1558,intensely
1559,intensify
1560,intensity
1561,intensive
1562,intention
1563,intercede
1564,intercept
1565,interdict
1566,interests
1567,interface
1568,interfere
1569,interfuse
1570,interject
1571,interlace
1572,interlard
1573,interlink
1574,interlock
1575,interlope
1576,interlude
1577,interment
1578,internist
1579,interplay
1580,interpose
1581,interpret
1582,interrupt
1583,intersect
1584,intervene
1585,interview
1586,intestine
1587,intricacy
1588,intricate
1589,intrinsic
1590,introduce
1591,introvert
1592,intrusion
1593,intrusive
1594,intuition
1595,intuitive
1596,inundated
1597,invective
1598,invention
1599,inventive
1600,inventory
1601,inversely
1602,inversion
1603,invidious
1604,inviolate
1605,invisible
1606,involuted
1607,irascible
1608,ironbound
1609,irradiate
1610,irregular
1611,irritable
1612,irritated
1613,irruption
1614,irruptive
1615,isolation
1616,isometric
1617,issueless
1618,italicize
1619,iteration
1620,iterative
1621,itinerant
1622,itinerary
1623,jackknife
1624,Jaganmati
1625,jailbreak
1626,jaundiced
1627,jawboning
1628,jaywalker
1629,jellyfish
1630,jetstream
1631,jobholder
1632,journeyer
1633,joviality
1634,judgement
1635,judiciary
1636,judicious
1637,juiceless
1638,juiciness
1639,Junoesque
1640,juridical
1641,justified
1642,juxtapose
1643,kilocycle
1644,kilometer
1645,kinescope
1646,kingmaker
1647,kittenish
1648,knowingly
1649,knowledge
1650,laborious
1651,labyrinth
1652,lacerated
1653,lachrymal
1654,lacquered
1655,lactation
1656,lagniappe
1657,lamebrain
1658,lamellate
1659,laminated
1660,lampooner
1661,lancinate
1662,landloper
1663,landscape
1664,landslide
1665,largeness
1666,lassitude
1667,laughable
1668,launching
1669,lawmaking
1670,leakproof
1671,leasehold
1672,lecherous
1673,lecturing
1674,legendary
1675,legionary
1676,legislate
1677,leisurely
1678,lessening
1679,lethality
1680,lethargic
1681,lettering
1682,leukocyte
1683,leviathan
1684,liability
1685,liberally
1686,liberated
1687,libertine
1688,libidinal
1689,librarian
1690,lickerish
1691,lifeblood
1692,lifeguard
1693,lifesaver
1694,lightened
1695,lightness
1696,lightning
1697,lightsome
1698,limelight
1699,limitless
1700,lingering
1701,liquidate
1702,listening
1703,literally
1704,litigious
1705,livestock
1706,loathsome
1707,lodestone
1708,logistics
1709,logomachy
1710,logorrhea
1711,logroller
1712,loitering
1713,longevity
1714,longitude
1715,looseness
1716,loosening
1717,loquacity
1718,lorgnette
1719,lubricate
1720,lucrative
1721,ludicrous
1722,lumbering
1723,lunchroom
1724,luxuriant
1725,luxuriate
1726,luxurious
1727,machinate
1728,machinery
1729,macrocosm
1730,maddening
1731,maelstrom
1732,magically
1733,magnetism
1734,magnetize
1735,magnified
1736,magnifier
1737,magnitude
1738,majordomo
1739,makeshift
1740,maladroit
1741,malformed
1742,malicious
1743,malignant
1744,malleable
1745,malocchio
1746,mammalian
1747,mandatory
1748,mandibles
1749,manhandle
1750,manifesto
1751,manliness
1752,mannequin
1753,mannerism
1754,manoeuvre
1755,marauding
1756,marbleize
1757,margarine
1758,marijuana
1759,marketing
1760,marmalade
1761,marsupial
1762,martyrdom
1763,marvelous
1764,masculine
1765,masochism
1766,masochist
1767,masterful
1768,masticate
1769,matchless
1770,maternity
1771,matriarch
1772,matricide
1773,matrimony
1774,mausoleum
1775,mayoralty
1776,meanwhile
1777,measuring
1778,meathooks
1779,mechanics
1780,mechanism
1781,medallion
1782,mediating
1783,mediation
1784,mediatory
1785,medicinal
1786,meliorate
1787,melodious
1788,melodrama
1789,memorable
1790,menagerie
1791,mendacity
1792,mendicant
1793,menstrual
1794,mentality
1795,mercenary
1796,merciless
1797,mercurial
1798,merriment
1799,mescaline
1800,mesmerize
1801,messenger
1802,messiness
1803,methadone
1804,metronome
1805,microfilm
1806,middleman
1807,migration
1808,migratory
1809,milestone
1810,militancy
1811,milkiness
1812,millinery
1813,millstone
1814,mindfully
1815,miniature
1816,minimally
1817,minimized
1818,minuscule
1819,mirroring
1820,misbelief
1821,mischance
1822,miscreant
1823,misdirect
1824,miserable
1825,miserably
1826,misgiving
1827,misguided
1828,mishandle
1829,misinform
1830,mismanage
1831,misplaced
1832,misquoted
1833,misrender
1834,misshapen
1835,missilery
1836,mistaught
1837,mitigator
1838,mobilized
1839,moderator
1840,modernist
1841,modifying
1842,modulator
1843,moldering
1844,molecular
1845,momentary
1846,momentous
1847,moneybags
1848,mongolism
1849,mongoloid
1850,monkeying
1851,monograph
1852,monologue
1853,monomania
1854,monstrous
1855,moodiness
1856,moonlight
1857,moonshine
1858,morbidity
1859,mortality
1860,mortgagee
1861,mortified
1862,mothering
1863,motivated
1864,motorboat
1865,motorcade
1866,mousetrap
1867,mouthwash
1868,movements
1869,muckraker
1870,multifold
1871,multitude
1872,mummified
1873,municipal
1874,munitions
1875,murderous
1876,murmuring
1877,mushiness
1878,musketeer
1879,mustiness
1880,mutilated
1881,muttering
1882,mutuality
1883,mysticism
1884,mystified
1885,mythicize
1886,mythmaker
1887,mythology
1888,Narcissus
1889,narcotize
1890,narration
1891,narrative
1892,narrowing
1893,nasalized
1894,naturally
1895,nauseated
1896,navigator
1897,necessary
1898,necessity
1899,necrology
1900,nectarous
1901,nefarious
1902,neglected
1903,negligent
1904,negotiate
1905,neologism
1906,nephritis
1907,nerveless
1908,nescience
1909,neuralgia
1910,newspaper
1911,niggardly
1912,nightclub
1913,nightmare
1914,nightwalk
1915,nitpicker
1916,nitration
1917,nitwitted
1918,noiseless
1919,nominally
1920,nominated
1921,nonentity
1922,nonliving
1923,nonpareil
1924,nonporous
1925,nonviable
1926,nonworker
1927,noosphere
1928,normality
1929,normalize
1930,normative
1931,northeast
1932,northerly
1933,northward
1934,northwest
1935,nostalgia
1936,nostalgic
1937,notarized
1938,notoriety
1939,notorious
1940,numbering
1941,numerable
1942,numerical
1943,nursemaid
1944,nutriment
1945,nutrition
1946,obedience
1947,obeisance
1948,obfuscate
1949,objectify
1950,objecting
1951,objection
1952,objective
1953,obligated
1954,oblivious
1955,obnoxious
1956,obscenity
1957,obscurity
1958,observant
1959,obsession
1960,obsessive
1961,obsolesce
1962,obstinacy
1963,obstinate
1964,obtrusive
1965,obviously
1966,occlusion
1967,occlusive
1968,occultism
1969,occupancy
1970,octagonal
1971,odalisque
1972,offensive
1973,offertory
1974,officiate
1975,officious
1976,offspring
1977,ombudsman
1978,onslaught
1979,operating
1980,operation
1981,operative
1982,opportune
1983,oppressed
1984,oppressor
1985,orchestra
1986,orderless
1987,ordinance
1988,organized
1989,organizer
1990,orgiastic
1991,originate
1992,orthodoxy
1993,oscillate
1994,ostracism
1995,ostracize
1996,otherwise
1997,outermost
1998,outgrowth
1999,outlander
2000,outskirts
2001,outspoken
2002,outwardly
2003,overacted
2004,overblown
2005,overdraft
2006,overdrawn
2007,overdress
2008,overdrive
2009,overeager
2010,overexert
2011,overgrown
2012,overjoyed
2013,overlarge
2014,overpower
2015,overprice
2016,overprint
2017,overreach
2018,overreact
2019,oversexed
2020,overshoot
2021,oversight
2022,oversleep
2023,overspend
2024,overstate
2025,overthrow
2026,overvalue
2027,overwhelm
2028,oxidation
2029,oxygenate
2030,pacifying
2031,pageantry
2032,painfully
2033,palaestra
2034,palatable
2035,paleolith
2036,palladium
2037,palpitant
2038,palpitate
2039,panegyric
2040,panoramic
2041,pantaloon
2042,pantheism
2043,pantomime
2044,paperback
2045,papilloma
2046,parabolic
2047,parachute
2048,paradisal
2049,paragraph
2050,paralysis
2051,paralytic
2052,paralyzed
2053,parameter
2054,paramount
2055,paranymph
2056,parasitic
2057,parboiled
2058,parchment
2059,paregoric
2060,parentage
2061,parochial
2062,parricide
2063,parsimony
2064,parsonage
2065,partaking
2066,partially
2067,partition
2068,passenger
2069,passivity
2070,pastiness
2071,pastorate
2072,pasturage
2073,patchwork
2074,paternity
2075,pathology
2076,patiently
2077,patriarch
2078,patrician
2079,patricide
2080,patrimony
2081,patrolman
2082,patronage
2083,patronize
2084,pauperism
2085,paymaster
2086,peaceable
2087,peacetime
2088,peasantry
2089,pedagogue
2090,pediatric
2091,pendulous
2092,penetrate
2093,peninsula
2094,penitence
2095,penscript
2096,pensioner
2097,Pentecost
2098,penthouse
2099,penurious
2100,perchance
2101,percolate
2102,perdition
2103,peregrine
2104,perennial
2105,perfected
2106,perfectly
2107,perfervid
2108,perforate
2109,performer
2110,perfusion
2111,perimeter
2112,periphery
2113,periscope
2114,permanent
2115,permeated
2116,permitted
2117,perpetual
2118,perplexed
2119,persecute
2120,persevere
2121,personage
2122,personate
2123,personify
2124,personnel
2125,persuaded
2126,pertinent
2127,perturbed
2128,pervasion
2129,pervasive
2130,perverted
2131,pessimism
2132,pessimist
2133,pestering
2134,pesticide
2135,petrified
2136,petroleum
2137,petticoat
2138,pettiness
2139,petulance
2140,pharisaic
2141,philander
2142,philippic
2143,philology
2144,phlebitis
2145,phonetics
2146,phonology
2147,photocopy
2148,photoplay
2149,Photostat
2150,phrenetic
2151,physician
2152,phytology
2153,picketing
2154,pictogram
2155,pictorial
2156,picturing
2157,piecemeal
2158,pietistic
2159,pigheaded
2160,pilfering
2161,pillaging
2162,pinchbeck
2163,piousness
2164,pirouette
2165,piscatory
2166,pixilated
2167,pizzicato
2168,placation
2169,placement
2170,plainness
2171,plaintiff
2172,plaintive
2173,planetary
2174,plantlike
2175,plastered
2176,platitude
2177,plausible
2178,playactor
2179,playhouse
2180,plaything
2181,pleasance
2182,plenitude
2183,plenteous
2184,plentiful
2185,plexiform
2186,plunderer
2187,pluralism
2188,plurality
2189,plutocrat
2190,pneumatic
2191,pneumonia
2192,poignancy
2193,pointedly
2194,pointless
2195,poisoning
2196,poisonous
2197,polemical
2198,policeman
2199,political
2200,pollution
2201,Pollyanna
2202,polyandry
2203,pomposity
2204,ponderous
2205,poppycock
2206,porcelain
2207,porcupine
2208,portfolio
2209,portrayal
2210,possessed
2211,postdated
2212,posterior
2213,posterity
2214,posthaste
2215,postulant
2216,postulate
2217,potentate
2218,potential
2219,potpourri
2220,powerless
2221,practical
2222,practiced
2223,practised
2224,pragmatic
2225,prankster
2226,prayerful
2227,preaching
2228,precative
2229,precedent
2230,preceding
2231,precincts
2232,precipice
2233,precisely
2234,precisian
2235,precision
2236,precursor
2237,predatory
2238,predicate
2239,predicted
2240,predictor
2241,prefatory
2242,prefigure
2243,pregnable
2244,pregnancy
2245,prejudice
2246,preludial
2247,premature
2248,preoccupy
2249,prepotent
2250,prescribe
2251,prescript
2252,presently
2253,preserved
2254,preshrunk
2255,president
2256,pretended
2257,pretender
2258,prevalent
2259,priceless
2260,primarily
2261,primitive
2262,principal
2263,principle
2264,prismatic
2265,privateer
2266,privately
2267,privation
2268,privilege
2269,probation
2270,proboscis
2271,procedure
2272,processed
2273,proconsul
2274,procreate
2275,profanity
2276,professed
2277,proffered
2278,profiteer
2279,profusely
2280,profusion
2281,prognosis
2282,programme
2283,projected
2284,projector
2285,prolixity
2286,prolonged
2287,promenade
2288,prominent
2289,promising
2290,promotion
2291,prompting
2292,pronounce
2293,propagate
2294,prophetic
2295,proponent
2296,propriety
2297,proscribe
2298,prosecute
2299,proselyte
2300,prostrate
2301,protected
2302,protector
2303,protester
2304,prototype
2305,provender
2306,provident
2307,provision
2308,provoking
2309,proximate
2310,proximity
2311,prurience
2312,psalmbook
2313,psychical
2314,psychosis
2315,psychotic
2316,pubescent
2317,publicist
2318,publicity
2319,publicize
2320,published
2321,publisher
2322,puckering
2323,puerility
2324,pullulate
2325,pulmonary
2326,pulpiness
2327,pulsating
2328,pulsation
2329,pulverize
2330,punctuate
2331,punishing
2332,purgation
2333,purgative
2334,purgatory
2335,purifying
2336,purposely
2337,pursuance
2338,purulence
2339,pussyfoot
2340,putrefied
2341,puttering
2342,quadruped
2343,qualified
2344,qualifier
2345,quarreler
2346,quartered
2347,quarterly
2348,quavering
2349,queenship
2350,querulous
2351,quibbling
2352,quickness
2353,quicksand
2354,quiescent
2355,quitclaim
2356,quittance
2357,quivering
2358,quizzical
2359,quotation
2360,rabbinate
2361,racketeer
2362,raconteur
2363,radiating
2364,radiation
2365,radically
2366,radiogram
2367,radiology
2368,radionics
2369,radiorays
2370,ragpicker
2371,rainmaker
2372,rainstorm
2373,rancorous
2374,rapacious
2375,raptorial
2376,rapturous
2377,rationale
2378,rationing
2379,readiness
2380,realistic
2381,reasoning
2382,rebellion
2383,recapture
2384,recension
2385,reception
2386,receptive
2387,recession
2388,recessive
2389,recherche
2390,recipient
2391,reckoning
2392,reclining
2393,recognize
2394,recollect
2395,recommend
2396,reconcile
2397,recondite
2398,recording
2399,rectangle
2400,rectitude
2401,recumbent
2402,recurrent
2403,redeeming
2404,redolence
2405,reduction
2406,reductive
2407,redundant
2408,reeducate
2409,refection
2410,referable
2411,reference
2412,reflector
2413,reflexive
2414,refractor
2415,refurbish
2416,refutable
2417,regardful
2418,regarding
2419,registrar
2420,regretful
2421,regularly
2422,rehearsal
2423,reimburse
2424,reinforce
2425,reinstate
2426,reiterate
2427,rejection
2428,rejoicing
2429,rejoinder
2430,relations
2431,relevance
2432,religious
2433,reliquary
2434,reluctant
2435,remainder
2436,remaining
2437,remission
2438,remittent
2439,removable
2440,rencontre
2441,rendering
2442,rendition
2443,renitency
2444,renounced
2445,reparable
2446,repayment
2447,repellent
2448,repelling
2449,repentant
2450,repertory
2451,replenish
2452,repletion
2453,replicate
2454,reportage
2455,reposeful
2456,repossess
2457,reprehend
2458,represent
2459,repressed
2460,reprimand
2461,reprobate
2462,reproduce
2463,reptilian
2464,repudiate
2465,repugnant
2466,repulsion
2467,repulsive
2468,reputable
2469,requisite
2470,resection
2471,resentful
2472,reservoir
2473,residence
2474,residency
2475,resilient
2476,resistant
2477,resolvent
2478,resonance
2479,resources
2480,respected
2481,restraint
2482,resultant
2483,resurrect
2484,retailing
2485,retaliate
2486,retardant
2487,retention
2488,reticence
2489,reticular
2490,retrieval
2491,retrocede
2492,retroflex
2493,retrousse
2494,revealing
2495,reverence
2496,reversion
2497,revolting
2498,revulsion
2499,revulsive
2500,rewarding
2501,rhapsodic
2502,rheumatic
2503,righteous
2504,rightness
2505,rightward
2506,rigmarole
2507,riskiness
2508,riverhead
2509,riverside
2510,roadblock
2511,roadhouse
2512,robotlike
2513,rockbound
2514,roughcast
2515,roughhewn
2516,roughneck
2517,roughness
2518,roundelay
2519,roundness
2520,roundsman
2521,routinely
2522,routinize
2523,rudiments
2524,ruffianly
2525,ruination
2526,runaround
2527,rusticate
2528,saccharin
2529,sacrarium
2530,sacrifice
2531,sacrilege
2532,sacristan
2533,safeguard
2534,sagacious
2535,sailplane
2536,sainthood
2537,salacious
2538,saltatory
2539,salvation
2540,Samaritan
2541,sanctuary
2542,sandpaper
2543,sandstone
2544,saprolite
2545,sarcastic
2546,satellite
2547,satirical
2548,satisfied
2549,saturated
2550,saturnine
2551,savorless
2552,saxophone
2553,scalloped
2554,scapegoat
2555,scarecrow
2556,scarehead
2557,scariness
2558,scatology
2559,scattered
2560,scavenger
2561,scheduled
2562,schlemiel
2563,schmaltzy
2564,schnozzle
2565,scholarly
2566,scholiast
2567,schoolboy
2568,schooling
2569,schoolman
2570,scientism
2571,scintilla
2572,sclerosis
2573,scorching
2574,scoundrel
2575,scrambled
2576,scrapbook
2577,scratched
2578,screaming
2579,screwball
2580,scribbler
2581,scrimmage
2582,scrimping
2583,Scripture
2584,scrivener
2585,scrounger
2586,scrubland
2587,sculpture
2588,scutcheon
2589,seafaring
2590,searching
2591,seasoning
2592,sebaceous
2593,secession
2594,seclusion
2595,secondary
2596,secretion
2597,secretive
2598,secretory
2599,sectarian
2600,sectional
2601,sedentary
2602,seditious
2603,seduction
2604,seductive
2605,seemingly
2606,segregate
2607,selection
2608,selective
2609,selectman
2610,semantics
2611,semaphore
2612,semblance
2613,semigloss
2614,seniority
2615,sensation
2616,senseless
2617,sensitive
2618,sentience
2619,sentiment
2620,separated
2621,sepulcher
2622,sequester
2623,seriously
2624,sermonize
2625,servility
2626,servitude
2627,severally
2628,severance
2629,sexuality
2630,shadowing
2631,shakedown
2632,shameless
2633,shapeless
2634,sharpener
2635,sharpness
2636,shattered
2637,sheathing
2638,sheepskin
2639,shellfire
2640,shellfish
2641,sheltered
2642,shielding
2643,shiftless
2644,shipshape
2645,shipwreck
2646,shivering
2647,shortened
2648,shortfall
2649,shorthand
2650,shortstop
2651,shortwave
2652,shrieking
2653,shrinkage
2654,shrinking
2655,shriveled
2656,shrubbery
2657,shuffling
2658,sickening
2659,sidelight
2660,sideswipe
2661,sidetrack
2662,sightless
2663,sightseer
2664,signalize
2665,signature
2666,signboard
2667,silicosis
2668,similarly
2669,simpatico
2670,simpering
2671,simpleton
2672,simulated
2673,sincerity
2674,singleton
2675,sinistral
2676,sinusitis
2677,siphoning
2678,sissified
2679,situation
2680,skedaddle
2681,skeptical
2682,skyrocket
2683,slanderer
2684,slaphappy
2685,slapstick
2686,slaughter
2687,sleepless
2688,smallness
2689,smothered
2690,sniveling
2691,snowdrift
2692,snowflake
2693,snowstorm
2694,socialism
2695,socialite
2696,socialize
2697,softening
2698,sojourner
2699,solemnity
2700,solemnize
2701,solicitor
2702,something
2703,somnolent
2704,sophistic
2705,sophistry
2706,soporific
2707,sorcerous
2708,sorrowful
2709,soubrette
2710,soundless
2711,soundness
2712,sourdough
2713,southeast
2714,southerly
2715,southward
2716,southwest
2717,sovereign
2718,spaceship
2719,spadework
2720,spareribs
2721,sparingly
2722,sparkling
2723,spasmodic
2724,spattered
2725,speakeasy
2726,spearhead
2727,specialty
2728,spectacle
2729,spectator
2730,speculate
2731,spellbind
2732,spermatic
2733,spherical
2734,sphincter
2735,spiceless
2736,spindrift
2737,spineless
2738,spiraling
2739,spiritual
2740,splashing
2741,splayfoot
2742,splenetic
2743,splitting
2744,spokesman
2745,spoonlike
2746,sportsman
2747,spotlight
2748,sprawling
2749,sprightly
2750,springbok
2751,sprinkled
2752,sprinkler
2753,spunkless
2754,squatting
2755,squeamish
2756,squeezing
2757,squinting
2758,stability
2759,stabilize
2760,stableman
2761,staggered
2762,stainless
2763,stalemate
2764,stanchion
2765,standpipe
2766,starboard
2767,stargazer
2768,startling
2769,statement
2770,statesman
2771,statutory
2772,staunchly
2773,steadfast
2774,steamboat
2775,steersman
2776,stepchild
2777,sterility
2778,sterilize
2779,stevedore
2780,stickling
2781,stiffened
2782,stiffness
2783,stillborn
2784,stillness
2785,stimulant
2786,stimulate
2787,stintless
2788,stipulate
2789,stockpile
2790,stonewall
2791,stoneware
2792,storeroom
2793,storybook
2794,straining
2795,strangled
2796,strangler
2797,strapless
2798,strapping
2799,stratagem
2800,strategic
2801,streaking
2802,streaming
2803,strenuous
2804,stressful
2805,stretched
2806,striation
2807,stricture
2808,stridency
2809,stringent
2810,stripling
2811,strolling
2812,strongbox
2813,structure
2814,struggler
2815,stupefied
2816,stupidity
2817,stuporous
2818,subaltern
2819,subatomic
2820,subdivide
2821,subjugate
2822,sublimate
2823,submarine
2824,submerged
2825,submittal
2826,subnormal
2827,subscribe
2828,subscript
2829,subsiding
2830,subsidize
2831,substance
2832,subtilize
2833,successor
2834,succulent
2835,sudorific
2836,suffering
2837,suffocate
2838,suffusion
2839,sulfonate
2840,sulfurous
2841,sultanate
2842,summarily
2843,summarize
2844,summation
2845,sumptuous
2846,sunburned
2847,sundowner
2848,sunstroke
2849,superfine
2850,superheat
2851,supernova
2852,supersede
2853,superstar
2854,supervise
2855,suppliant
2856,supporter
2857,supposing
2858,suppurate
2859,supremacy
2860,surcharge
2861,surfacing
2862,surfeited
2863,surliness
2864,surprised
2865,surrender
2866,surrogate
2867,surveying
2868,suspended
2869,suspender
2870,suspicion
2871,sustained
2872,sustainer
2873,swaggerer
2874,swansdown
2875,sweatshop
2876,sweepings
2877,sweetener
2878,sweetmeat
2879,swiftness
2880,swineherd
2881,swingeing
2882,swordsman
2883,sycophant
2884,syllabary
2885,syllogism
2886,sylphlike
2887,symbiosis
2888,symbiotic
2889,symbolism
2890,symbolize
2891,symposium
2892,syndicate
2893,syntactic
2894,synthesis
2895,synthetic
2896,tableland
2897,tableware
2898,tactician
2899,tailpiece
2900,talkathon
2901,talkative
2902,tantalize
2903,tarantula
2904,tardiness
2905,tarnished
2906,tasteless
2907,tautology
2908,taxidermy
2909,teachable
2910,technical
2911,technique
2912,tectology
2913,tectonics
2914,teetering
2915,telegraph
2916,telemetry
2917,telepathy
2918,telephone
2919,Telephoto
2920,telescope
2921,tellurian
2922,temperate
2923,tempering
2924,temporary
2925,temporize
2926,temptress
2927,tenacious
2928,tenderize
2929,tenebrous
2930,tensility
2931,tentative
2932,termagant
2933,terminate
2934,terrified
2935,territory
2936,terrorism
2937,terrorist
2938,terrorize
2939,testicles
2940,testimony
2941,testiness
2942,thankless
2943,theatrics
2944,theocracy
2945,theophany
2946,theosophy
2947,therapist
2948,therefore
2949,thesaurus
2950,thickened
2951,thickness
2952,thinkable
2953,thrashing
2954,threesome
2955,threshold
2956,thrilling
2957,throbbing
2958,throwaway
2959,throwback
2960,thrumming
2961,thwarting
2962,tidewater
2963,tightness
2964,timepiece
2965,timetable
2966,tinkering
2967,titillate
2968,toadstool
2969,tolerable
2970,tolerably
2971,tolerance
2972,tollbooth
2973,tombstone
2974,toothache
2975,toothsome
2976,topflight
2977,tormented
2978,tormentor
2979,torsional
2980,torturing
2981,torturous
2982,tottering
2983,toughened
2984,toughness
2985,traceable
2986,tractable
2987,trademark
2988,tradition
2989,tragedian
2990,trainable
2991,transcend
2992,transform
2993,transfuse
2994,transient
2995,translate
2996,transpire
2997,transport
2998,transpose
2999,trapezoid
3000,trappings
3001,trattoria
3002,traveling
3003,treachery
3004,treadmill
3005,treasured
3006,treasurer
3007,treatment
3008,trembling
3009,tremulous
3010,trenchant
3011,tribesman
3012,tributary
3013,trickster
3014,triennial
3015,trimester
3016,troubling
3017,troublous
3018,trouncing
3019,truckling
3020,truculent
3021,truncated
3022,turbidity
3023,turbulent
3024,turnabout
3025,turnstile
3026,turntable
3027,turpitude
3028,tutorship
3029,twinkling
3030,twitching
3031,typifying
3032,tyrannize
3033,ulcerated
3034,ultimatum
3035,umbilicus
3036,unabashed
3037,unadapted
3038,unadorned
3039,unadvised
3040,unallayed
3041,unallowed
3042,unalloyed
3043,unaltered
3044,unamiable
3045,unanimity
3046,unanimous
3047,unaroused
3048,unashamed
3049,unassured
3050,unattired
3051,unbalance
3052,unbeknown
3053,unbending
3054,unbigoted
3055,unblessed
3056,unbounded
3057,unbridled
3058,unceasing
3059,uncertain
3060,uncharted
3061,unchecked
3062,unclogged
3063,unclothed
3064,unclouded
3065,unclutter
3066,uncoached
3067,uncoerced
3068,uncolored
3069,unconcern
3070,uncordial
3071,uncounted
3072,uncovered
3073,undamaged
3074,undaunted
3075,undecided
3076,undefiled
3077,undefined
3078,undercoat
3079,undergird
3080,underhand
3081,underline
3082,underling
3083,undermine
3084,underpass
3085,underplay
3086,underrate
3087,underripe
3088,undersell
3089,underside
3090,undersign
3091,undertake
3092,undertone
3093,undevised
3094,undiluted
3095,undivided
3096,undoubted
3097,undressed
3098,undurable
3099,undutiful
3100,unearthly
3101,unendowed
3102,unequaled
3103,unethical
3104,unexposed
3105,unfactual
3106,unfailing
3107,unfearful
3108,unfeeling
3109,unfledged
3110,unfolding
3111,unfounded
3112,ungallant
3113,ungenuine
3114,unguarded
3115,unguessed
3116,unhatched
3117,unhealthy
3118,unhearing
3119,unheedful
3120,unhelpful
3121,unhostile
3122,unhurried
3123,unimpeded
3124,uninjured
3125,uninvited
3126,universal
3127,unknowing
3128,unlabored
3129,unlearned
3130,unlikable
3131,unlimited
3132,unloading
3133,unloosing
3134,unmarried
3135,unmasking
3136,unmatched
3137,unmatured
3138,unmerited
3139,unmindful
3140,unmingled
3141,unmovable
3142,unmusical
3143,unmuzzled
3144,unnatural
3145,unnoticed
3146,unopposed
3147,unordered
3148,unpayable
3149,unpeopled
3150,unplanned
3151,unpliable
3152,unplumbed
3153,unpointed
3154,unpopular
3155,unquelled
3156,unreality
3157,unrefined
3158,unrefuted
3159,unrelated
3160,unrelaxed
3161,unreserve
3162,unrivaled
3163,unruffled
3164,unsaintly
3165,unscarred
3166,unscathed
3167,unselfish
3168,unsettled
3169,unshackle
3170,unsheathe
3171,unsightly
3172,unskilled
3173,unsmiling
3174,unsparing
3175,unspoiled
3176,unspotted
3177,unstaffed
3178,unstained
3179,unstopped
3180,unstudied
3181,unsubject
3182,unsullied
3183,untactful
3184,untainted
3185,untamable
3186,untenable
3187,untouched
3188,untrained
3189,untreated
3190,untrimmed
3191,untrodden
3192,untutored
3193,unusually
3194,unuttered
3195,unvarying
3196,unveiling
3197,unwatched
3198,unwearied
3199,unwelcome
3200,unwilling
3201,unwitting
3202,unworldly
3203,unwritten
3204,uplifting
3205,uppermost
3206,upsetting
3207,uranology
3208,utterance
3209,vacillate
3210,vagueness
3211,vainglory
3212,validated
3213,valueless
3214,vandalism
3215,vandalize
3216,vanishing
3217,variation
3218,variegate
3219,vasectomy
3220,vassalage
3221,vegetable
3222,vehemence
3223,venerable
3224,vengeance
3225,ventilate
3226,veracious
3227,verbalize
3228,verbosity
3229,veridical
3230,veritable
3231,vermicide
3232,vermilion
3233,versatile
3234,vesicular
3235,vestibule
3236,vexatious
3237,viability
3238,vibrating
3239,vibration
3240,vicarious
3241,victimize
3242,Victorian
3243,videotape
3244,viewpoint
3245,vigilance
3246,vilifying
3247,villenage
3248,vindicate
3249,violation
3250,violently
3251,virginity
3252,virtually
3253,virulence
3254,viscosity
3255,visionary
3256,visualize
3257,vitrified
3258,vitriolic
3259,vivacious
3260,voiceless
3261,voluntary
3262,volunteer
3263,voodooism
3264,voracious
3265,vouchsafe
3266,voyeurism
3267,vulcanize
3268,vulgarian
3269,vulgarism
3270,vulgarity
3271,vulgarize
3272,waistband
3273,waistline
3274,walloping
3275,wallpaper
3276,wandering
3277,warehouse
3278,warranted
3279,washbasin
3280,washboard
3281,washstand
3282,wasteland
3283,watchword
3284,waterfall
3285,waterfowl
3286,waterless
3287,watermark
3288,weakening
3289,weariness
3290,wearisome
3291,welcoming
3292,wheedling
3293,wherefore
3294,whereupon
3295,whimsical
3296,whirligig
3297,whirlpool
3298,whirlwind
3299,whistling
3300,whitecaps
3301,whitening
3302,whitewash
3303,whittling
3304,wholeness
3305,wholesale
3306,wholesome
3307,windproof
3308,windstorm
3309,wiredrawn
3310,Wirephoto
3311,wisecrack
3312,withdrawn
3313,withering
3314,withstand
3315,witticism
3316,wittiness
3317,wittingly
3318,woebegone
3319,wolverine
3320,womanhood
3321,womanizer
3322,wonderful
3323,wondering
3324,woodblock
3325,woodcraft
3326,workbench
3327,workhorse
3328,workhouse
3329,worrisome
3330,worsening
3331,worshiper
3332,worthless
3333,wrangling
3334,wristband
3335,wrongdoer
3336,xylophone
3337,yachtsman
3338,yammering
3339,yardstick
3340,yesterday
3341,youngster
3342,zoologist
