0,ability
1,absence
2,academy
3,account
4,accused
5,achieve
6,acquire
7,address
8,advance
9,adverse
10,advised
11,adviser
12,against
13,airline
14,airport
15,alcohol
16,alleged
17,already
18,analyst
19,ancient
20,another
21,anxiety
22,anxious
23,anybody
24,applied
25,arrange
26,arrival
27,article
28,assault
29,assumed
30,assured
31,attempt
32,attract
33,auction
34,average
35,backing
36,balance
37,banking
38,barrier
39,battery
40,bearing
41,beating
42,because
43,bedroom
44,believe
45,beneath
46,benefit
47,besides
48,between
49,billion
50,binding
51,brother
52,brought
53,burning
54,cabinet
55,caliber
56,calling
57,capable
58,capital
59,captain
60,caption
61,capture
62,careful
63,carrier
64,caution
65,ceiling
66,central
67,centric
68,century
69,certain
70,chamber
71,channel
72,chapter
73,charity
74,charlie
75,charter
76,checked
77,chicken
78,chronic
79,circuit
80,classes
81,classic
82,climate
83,closing
84,closure
85,clothes
86,collect
87,college
88,combine
89,comfort
90,command
91,comment
92,compact
93,company
94,compare
95,compete
96,complex
97,concept
98,concern
99,concert
100,conduct
101,confirm
102,connect
103,consent
104,consist
105,contact
106,contain
107,content
108,contest
109,context
110,control
111,convert
112,correct
113,council
114,counsel
115,counter
116,country
117,crucial
118,crystal
119,culture
120,current
121,cutting
122,dealing
123,decided
124,decline
125,default
126,defence
127,deficit
128,deliver
129,density
130,deposit
131,desktop
132,despite
133,destroy
134,develop
135,devoted
136,diamond
137,digital
138,discuss
139,disease
140,display
141,dispute
142,distant
143,diverse
144,divided
145,drawing
146,driving
147,dynamic
148,eastern
149,economy
150,edition
151,elderly
152,element
153,engaged
154,enhance
155,essence
156,evening
157,evident
158,exactly
159,examine
160,example
161,excited
162,exclude
163,exhibit
164,expense
165,explain
166,explore
167,express
168,extreme
169,factory
170,faculty
171,failing
172,failure
173,fashion
174,feature
175,federal
176,feeling
177,fiction
178,fifteen
179,filling
180,finance
181,finding
182,fishing
183,fitness
184,foreign
185,forever
186,formula
187,fortune
188,forward
189,founder
190,freedom
191,further
192,gallery
193,gateway
194,general
195,genetic
196,genuine
197,gigabit
198,greater
199,hanging
200,heading
201,healthy
202,hearing
203,heavily
204,helpful
205,helping
206,herself
207,highway
208,himself
209,history
210,holding
211,holiday
212,housing
213,however
214,hundred
215,husband
216,illegal
217,illness
218,imagine
219,imaging
220,improve
221,include
222,initial
223,inquiry
224,insight
225,install
226,instant
227,instead
228,intense
229,interim
230,involve
231,jointly
232,journal
233,journey
234,justice
235,justify
236,keeping
237,killing
238,kingdom
239,kitchen
240,knowing
241,landing
242,largely
243,lasting
244,leading
245,learned
246,leisure
247,liberal
248,liberty
249,library
250,license
251,limited
252,listing
253,logical
254,loyalty
255,machine
256,manager
257,married
258,massive
259,maximum
260,meaning
261,measure
262,medical
263,meeting
264,mention
265,message
266,million
267,mineral
268,minimal
269,minimum
270,missing
271,mission
272,mistake
273,mixture
274,monitor
275,monthly
276,morning
277,musical
278,mystery
279,natural
280,neither
281,nervous
282,network
283,neutral
284,notable
285,nothing
286,nowhere
287,nuclear
288,nursing
289,obvious
290,offense
291,officer
292,ongoing
293,opening
294,operate
295,opinion
296,optical
297,organic
298,outcome
299,outdoor
300,outlook
301,outside
302,overall
303,pacific
304,package
305,painted
306,parking
307,partial
308,partner
309,passage
310,passing
311,passion
312,passive
313,patient
314,pattern
315,payable
316,payment
317,penalty
318,pending
319,pension
320,percent
321,perfect
322,perform
323,perhaps
324,phoenix
325,picking
326,picture
327,pioneer
328,plastic
329,pointed
330,popular
331,portion
332,poverty
333,precise
334,predict
335,premier
336,premium
337,prepare
338,present
339,prevent
340,primary
341,printer
342,privacy
343,private
344,problem
345,proceed
346,process
347,produce
348,product
349,profile
350,program
351,project
352,promise
353,promote
354,protect
355,protein
356,protest
357,provide
358,publish
359,purpose
360,pushing
361,qualify
362,quality
363,quarter
364,radical
365,railway
366,readily
367,Reading
368,reality
369,realize
370,receipt
371,receive
372,recover
373,reflect
374,regular
375,related
376,release
377,remains
378,removal
379,removed
380,replace
381,request
382,require
383,reserve
384,resolve
385,respect
386,respond
387,restore
388,retired
389,revenue
390,reverse
391,rollout
392,routine
393,running
394,satisfy
395,science
396,section
397,segment
398,serious
399,service
400,serving
401,session
402,setting
403,seventh
404,several
405,shortly
406,showing
407,silence
408,silicon
409,similar
410,sitting
411,sixteen
412,skilled
413,smoking
414,society
415,somehow
416,someone
417,speaker
418,special
419,species
420,sponsor
421,station
422,storage
423,strange
424,stretch
425,student
426,studied
427,subject
428,succeed
429,success
430,suggest
431,summary
432,support
433,suppose
434,supreme
435,surface
436,surgery
437,surplus
438,survive
439,suspect
440,sustain
441,teacher
442,telecom
443,telling
444,tension
445,theatre
446,therapy
447,thereby
448,thought
449,through
450,tonight
451,totally
452,touched
453,towards
454,traffic
455,trouble
456,turning
457,typical
458,uniform
459,unknown
460,unusual
461,upgrade
462,upscale
463,utility
464,variety
465,various
466,vehicle
467,venture
468,version
469,veteran
470,victory
471,viewing
472,village
473,violent
474,virtual
475,visible
476,waiting
477,walking
478,wanting
479,warning
480,warrant
481,wearing
482,weather
483,webcast
484,website
485,wedding
486,weekend
487,welcome
488,welfare
489,western
490,whereas
491,whereby
492,whether
493,willing
494,winning
495,without
496,witness
497,working
498,writing
499,written
